customer_id,first_name,last_name,email,phone,country
1,Llywellyn,Ife,life0@nyu.edu,972-888-1699,United States
2,Lesya,Smythin,lsmythin1@hc360.com,620-873-8174,Japan
3,Claribel,Vinker,cvinker2@twitter.com,170-263-9156,Japan
4,Charles,Tatlowe,ctatlowe3@umn.edu,262-602-2594,Japan
5,Livvie,Pechet,lpechet4@guardian.co.uk,251-182-9409,Japan
6,Sherrie,Goddard,sgoddard5@simplemachines.org,520-671-4469,United States
7,Jacky,Dun,jdun6@cisco.com,927-949-7897,Japan
8,Jeni,Marc,jmarc7@blogs.com,397-376-1440,Japan
9,Julio,Hourston,jhourston8@nyu.edu,202-498-9556,United States
10,Dinah,Jenik,djenik9@google.co.uk,376-142-1029,Japan
11,Ruth,Donnersberg,rdonnersberga@cisco.com,918-548-3647,United States
12,Hurleigh,Mulholland,hmulhollandb@moonfruit.com,515-268-1158,United States
13,Antony,Callinan,acallinanc@wix.com,155-853-4186,Japan
14,Ludovika,Ivancevic,livancevicd@addthis.com,133-319-4463,United Kingdom
15,Tanitansy,Zieme,tziemee@wisc.edu,212-476-9936,United States
16,Dolorita,Grzeszczak,dgrzeszczakf@newyorker.com,269-493-1332,India
17,Osbourn,Jeffress,ojeffressg@intel.com,814-335-3717,United States
18,Abel,Renzullo,arenzulloh@devhub.com,244-973-3867,Japan
19,Kendell,Matfin,kmatfini@arstechnica.com,318-686-4528,United States
20,Amory,Tolworth,atolworthj@yolasite.com,863-760-2057,United States
21,Forester,Szymanek,fszymanekk@csmonitor.com,499-973-0716,Japan
22,Alexandra,Habben,ahabbenl@dedecms.com,786-187-0912,United States
23,Hazlett,McTrustie,hmctrustiem@typepad.com,682-835-0651,United States
24,Cary,Grigoliis,cgrigoliisn@flickr.com,856-479-5317,Japan
25,Tiphani,Jochen,tjocheno@hubpages.com,617-644-2001,United States
26,Malynda,Dovinson,mdovinsonp@google.co.uk,556-513-0452,Japan
27,Beckie,Cullinane,bcullinaneq@tinyurl.com,851-811-1619,Germany
28,Royall,Issac,rissacr@dion.ne.jp,385-317-9246,Japan
29,Berty,Levington,blevingtons@time.com,202-858-4093,United States
30,Mychal,Clorley,mclorleyt@slideshare.net,212-334-3616,United States
31,Kin,Sweatland,ksweatlandu@oracle.com,298-256-1216,Japan
32,Betta,Neve,bnevev@drupal.org,602-473-9295,United States
33,Frances,Osmond,fosmondw@msn.com,700-485-3422,United Kingdom
34,Kettie,Sibary,ksibaryx@friendfeed.com,479-843-1983,United States
35,Doreen,Sanbroke,dsanbrokey@163.com,991-518-3194,Japan
36,Brittni,Purdie,bpurdiez@msu.edu,403-135-8278,Japan
37,Welsh,Foxten,wfoxten10@dropbox.com,284-497-7255,Japan
38,Patten,Khristyukhin,pkhristyukhin11@diigo.com,702-874-2589,United States
39,Midge,Brazear,mbrazear12@addthis.com,216-944-0537,United States
40,Elsa,Armin,earmin13@prlog.org,912-607-5135,Japan
41,Rance,Simonini,rsimonini14@noaa.gov,302-710-6954,United States
42,Lyndsay,Vinden,lvinden15@blogspot.com,215-908-5442,Japan
43,Carlita,Josefowicz,cjosefowicz16@gmpg.org,936-351-9279,United States
44,Elmo,Witsey,ewitsey17@dropbox.com,571-447-6027,United States
45,Garrick,Darnody,gdarnody18@mapy.cz,892-853-7302,Japan
46,Ira,Klimentyonok,iklimentyonok19@house.gov,134-697-1716,Germany
47,Aluin,Lythgoe,alythgoe1a@ebay.co.uk,904-798-5208,United States
48,Emlynne,Garwood,egarwood1b@latimes.com,776-246-4738,Japan
49,Meredithe,Jacobssen,mjacobssen1c@wikipedia.org,323-915-7317,United States
50,Cathyleen,Brickdale,cbrickdale1d@tripadvisor.com,895-772-0487,Japan
51,Celeste,Shorey,cshorey1e@yellowpages.com,661-426-2497,United States
52,Blane,Gyurkovics,bgyurkovics1f@rakuten.co.jp,904-914-4948,United States
53,Levon,Lonsdale,llonsdale1g@gnu.org,757-412-1600,United States
54,Dinny,Aire,daire1h@ed.gov,410-276-3043,United States
55,Torrie,Sandifer,tsandifer1i@hostgator.com,313-936-7416,United States
56,Reiko,Devas,rdevas1j@state.tx.us,147-660-9956,Japan
57,Shepard,Bengal,sbengal1k@bbc.co.uk,928-343-0950,Japan
58,Zaccaria,Guiel,zguiel1l@newsvine.com,816-807-6392,United States
59,Ruben,Wince,rwince1m@ucsd.edu,439-491-5741,Japan
60,Ainsley,Livezley,alivezley1n@marriott.com,713-391-1307,United States
61,Immanuel,Borgnet,iborgnet1o@flavors.me,661-313-7552,Japan
62,Caleb,McMurrugh,cmcmurrugh1p@wisc.edu,225-216-6165,Japan
63,Karla,MacAllester,kmacallester1q@unblog.fr,482-713-3362,Japan
64,Skippie,Corrao,scorrao1r@weebly.com,195-132-3322,Japan
65,Kenyon,Goodall,kgoodall1s@google.co.uk,808-902-1384,United States
66,Issi,Nigh,inigh1t@netvibes.com,820-244-2570,Japan
67,Rory,Picker,rpicker1u@sakura.ne.jp,860-691-3915,United States
68,Benny,Ferrieri,bferrieri1v@apple.com,904-789-0888,United States
69,Charleen,Gantzer,cgantzer1w@jigsy.com,434-759-0549,United States
70,Muffin,Jewell,mjewell1x@craigslist.org,516-560-0584,United States
71,Giacomo,Liversage,gliversage1y@amazon.co.jp,917-765-1785,United States
72,Eleonora,Bascomb,ebascomb1z@vk.com,358-246-1280,Japan
73,Rosalie,Willden,rwillden20@uiuc.edu,122-263-5015,Japan
74,Deena,Darridon,ddarridon21@newsvine.com,517-988-3837,Japan
75,Anette,Toderini,atoderini22@bigcartel.com,374-949-5194,Japan
76,Audry,Barstowk,abarstowk23@istockphoto.com,882-717-1654,United Kingdom
77,Garrik,McCracken,gmccracken24@state.gov,312-396-2795,United States
78,Roderich,Hehl,rhehl25@amazon.de,292-805-8162,United Kingdom
79,Sanderson,Scuffham,sscuffham26@feedburner.com,513-214-7263,United States
80,Carlo,Witter,cwitter27@newyorker.com,383-689-0176,Japan
81,Tan,Brundill,tbrundill28@addtoany.com,330-735-4964,United States
82,Mart,Benjamin,mbenjamin29@woothemes.com,898-522-5957,United Kingdom
83,Gwyneth,Likly,glikly2a@wordpress.com,501-689-5509,Japan
84,Brunhilde,Stych,bstych2b@reddit.com,145-414-1725,Japan
85,Clair,Jacketts,cjacketts2c@skype.com,483-464-8093,Japan
86,Shadow,Kmietsch,skmietsch2d@cnn.com,978-349-0340,Japan
87,Lottie,Ropert,lropert2e@skype.com,239-215-5247,United States
88,Regan,Dorin,rdorin2f@bizjournals.com,405-976-0341,United States
89,Erda,MacArte,emacarte2g@artisteer.com,214-283-8543,United States
90,Gonzalo,Meneer,gmeneer2h@yelp.com,318-792-6595,United States
91,Alair,Goodboddy,agoodboddy2i@bandcamp.com,215-717-6625,Germany
92,Devinne,Cownden,dcownden2j@redcross.org,127-316-2081,Japan
93,Correy,Sievewright,csievewright2k@gov.uk,811-279-7601,Germany
94,Vidovic,Diloway,vdiloway2l@ca.gov,523-235-9667,Japan
95,Nealson,Cargen,ncargen2m@technorati.com,760-997-9426,United States
96,Courtney,Navan,cnavan2n@chronoengine.com,209-275-8211,United States
97,Boot,Awty,bawty2o@delicious.com,513-273-8094,United States
98,Alfonso,Spittle,aspittle2p@webeden.co.uk,386-319-4292,United States
99,Rubetta,Noke,rnoke2q@nature.com,592-245-4475,Japan
100,Petr,Lyon,plyon2r@360.cn,304-209-6001,United States
